Global Health,372
Public health,370
Complex interventions,204
Child health,192
Disease control,192
Health inequalities,191
Evaluation,190
Mixed methods,183
Health policy,182
Qualitative methods,182
Implementation research,179
Health services research,163
Statistical methods,162
Social and structural determinants of health,154
Health systems,152
Behaviour change,150
Adolescent health,147
Clinical trials,147
Randomised controlled trials,147
Maternal health,141
Vaccines,141
Modelling,137
Impact evaluation,134
Sexual health,120
Systematic reviews,119
Diagnostics,106
Equity,106
Inequalities,104
Capacity strengthening,103
Reproductive health,101
Gender,98
Health care policy,98
Economic evaluation,92
Health outcomes,92
Infectious disease policy,86
Methodology,86
Environmental Health,84
Outbreaks,82
Primary care,82
Surveillance,82
Parasites,80
Drug resistance,79
Climate change,77
Health promotion,76
Neonatal health,76
Immunisation,74
Electronic health records,73
Evidence use,71
Bacteria,63
Clinical care,63
Research : policy relationship,59
Viruses,59
Health workers,58
Environment,56
Spatial analysis,56
Conflict,54
Ethnography,54
Vector control,51
Food,50
Violence,50
Education,49
Ageing,47
Mobile technologies,47
Ethics,46
Health services,46
Hygiene,45
Perinatal health,45
Health care financing,44
Agriculture,43
Clinical databases,43
Drug discovery and development,43
Geographic Information Systems (GIS),43
Bayesian Analysis,42
Water,42
Risk,41
Protozoa,40
Quality improvement,40
Schools,39
Decision analysis,37
Health impact analysis,37
Migration,35
Medicines,34
Sanitation,34
Helminths,32
Clinical guidelines,31
Health technology assessment,31
Natural disasters,29
Innate immunity,25
Insects,24
Older people's health,24
Globalisation,23
Alcohol,22
International comparisons,22
Private sector,22
Micronutrients,20
Organisational research,19
Public understanding,19
Human genetics,17
Pharmacovigilance,17
Fertility,16
Health sector development,16
Occupational health,16
Chemotherapy,15
Public health history,15
Rehabilitation,15
Critical care,14
Housing,14
Trypanosomes,14
Physical activity,13
T-cell immunology,13
Substance use,12
Pharmacokinetics,11
Substance abuse,11
Health status measurement,10
Trade,10
Pregnancy outcomes,7
Transport,7
Science policy,6
Tobacco control,6
Smoking,5
